titulo,link,data,Is_Edital,Campus_Citado,Topico_Classificado
IFPI oferta vagas para Estágio Curricular Obrigatório,https://www.ifpi.edu.br/noticias/ifpi-oferta-vagas-para-estagio-curricular-obrigatorio,21/10/2025,True,IFPI - Geral,Ensino e Cursos
Cocal divulga resultado de seleção para monitor leitor,https://www.ifpi.edu.br/cocal/noticias/cocal-divulga-resultado-de-selecao-para-monitor-leitor,21/10/2025,True,IFPI - Campus Cocal,Outros/Geral
Campus Cocal divulga aprovados para monitorias,https://www.ifpi.edu.br/cocal/noticias/campus-cocal-divulga-aprovados-para-monitorias,21/10/2025,True,IFPI - Campus Cocal,Pesquisa e Inovação
Cocal divulga aprovados para curso de Inglês,https://www.ifpi.edu.br/cocal/noticias/cocal-divulga-aprovados-para-curso-de-ingles,21/10/2025,False,IFPI - Campus Cocal,Ensino e Cursos
Egressa de especialização da UAB publica artigo sobre Libras,https://www.ifpi.edu.br/noticias/egressa-de-especializacao-da-uab-publica-artigo-sobre-libras,21/10/2025,False,IFPI - Geral,Pós-Graduação
CVT em Agroecologia participa de Congresso Brasileiro de Agroecologia,https://www.ifpi.edu.br/campomaior/noticias/cvt-em-agroecologia-participa-de-congresso-brasileiro-de-agroecologia,21/10/2025,False,IFPI - Geral,Concursos e Seleção de Servidores
Alunos de Licenciatura Intercultural Indígena do IFPI participam da Semana dos Povos Originários no IFMA,https://www.ifpi.edu.br/teresinacentral/noticias/alunos-de-licenciatura-intercultural-indigena-do-ifpi-participam-da-semana-dos-povos-originarios-no-ifma,21/10/2025,False,IFPI - Geral,Concursos e Seleção de Servidores
Cuidado com a saúde mental é tema do Projeto Repensar no Teresina Central,https://www.ifpi.edu.br/teresinacentral/noticias/cuidado-com-a-saude-mental-e-tema-do-projeto-repensar-no-teresina-central,21/10/2025,False,IFPI - Campus Teresina Central,Concursos e Seleção de Servidores
Campus Piripiri divulga Resultado Preliminar da Seleção de Monitores,https://www.ifpi.edu.br/piripiri/noticias/campus-piripiri-divulga-resultado-preliminar-da-selecao-de-monitores,21/10/2025,True,IFPI - Geral,Ensino e Cursos
Divulgado resultado para Especialização Educação do Campo e Quilombola,https://www.ifpi.edu.br/noticias/divulgado-resultado-para-especializacao-educacao-do-campo-e-quilombola,21/10/2025,True,IFPI - Geral,Pós-Graduação
CPA aplica questionário de Avaliação Institucional 2025,https://www.ifpi.edu.br/noticias/cpa-aplica-questionario-de-avaliacao-institucional-2025,21/10/2025,False,IFPI - Geral,Ensino e Cursos
Campus Floriano divulga locais de prova do Exame Nacional de Acesso,https://www.ifpi.edu.br/floriano/noticias/campus-floriano-divulga-locais-de-prova-do-exame-nacional-de-acesso,21/10/2025,False,IFPI - Campus Floriano,Pós-Graduação
Campus Pedro II homologa resultado final da seleção de monitores,https://www.ifpi.edu.br/pedroii/noticias/campus-pedro-ii-homologa-resultado-final-da-selecao-de-monitores,21/10/2025,True,IFPI - Geral,Outros/Geral
Teresina Central recebe Mostra de Curta Metragens de Animação,https://www.ifpi.edu.br/teresinacentral/noticias/teresina-central-recebe-mostra-de-curta-metragens-de-animacao,20/10/2025,False,IFPI - Campus Teresina Central,Extensão e Cultura
Teresina Zona Sul divulga aprovados para cursos técnicos,https://www.ifpi.edu.br/teresinazonasul/noticias/teresina-zona-sul-divulga-aprovados-para-cursos-tecnicos-2,20/10/2025,True,IFPI - Campus Teresina Zona Sul,Ensino e Cursos
Cocal convoca classificados para monitoria de apoio pedagógico,https://www.ifpi.edu.br/cocal/noticias/cocal-convoca-classificados-para-monitoria-de-apoio-pedagogico,20/10/2025,True,Não Mapeado,Outros/Geral
Teresina Central realiza Oficina de Libras sobre Alimentos,https://www.ifpi.edu.br/teresinacentral/noticias/teresina-central-realiza-oficina-de-libras-sobre-alimentos,20/10/2025,False,IFPI - Campus Teresina Central,Outros/Geral
"Projeto ""Integridade em Movimento"" realiza ação nos polos da UAB/IFPI",https://www.ifpi.edu.br/noticias/projeto-integridade-em-movimento-realiza-acao-nos-polos-da-uab-ifpi,20/10/2025,False,IFPI - Geral,Pós-Graduação
Alunos do Bacharelado do Campus Corrente participam de atividade no SEBRAE,https://www.ifpi.edu.br/corrente/noticias/alunos-do-bacharelado-do-campus-corrente-participam-de-atividade-no-sebrae,20/10/2025,False,IFPI - Campus Corrente,Extensão e Cultura
DGN em Cena celebra relação entre professores e alunos no Campus Teresina Central,https://www.ifpi.edu.br/teresinacentral/noticias/dgn-em-cena-celebra-relacao-entre-professores-e-alunos-no-campus-teresina-central,20/10/2025,False,IFPI - Campus Teresina Central,Concursos e Seleção de Servidores
Estudantes de José de Freitas visitam o Campus Teresina Central,https://www.ifpi.edu.br/teresinacentral/noticias/estudantes-de-jose-de-freitas-visitam-o-campus-teresina-central,20/10/2025,False,IFPI - Campus Teresina Central,Concursos e Seleção de Servidores
Corrente divulga resultado preliminar para bolsas de monitoria,https://www.ifpi.edu.br/corrente/noticias/corrente-divulga-resultado-preliminar-para-bolsas-de-monitoria,20/10/2025,True,IFPI - Geral,Assistência Estudantil
IFPI lança projeto de  Difusão de Galinhas Caipiras,https://www.ifpi.edu.br/noticias/ifpi-lanca-projeto-de-difusao-de-galinhas-caipiras,20/10/2025,False,IFPI - Geral,Pesquisa e Inovação
Divulgada lista de aprovados em 3ª chamada para o curso técnico em Defesa Civil,https://www.ifpi.edu.br/teresinacentral/noticias/divulgada-a-lista-de-aprovados-em-3a-chamada-para-o-curso-tecnico-em-defesa-civil,17/10/2025,True,IFPI - EaD,Concursos e Seleção de Servidores
Cocal divulga preliminar em seleção para monitorias,https://www.ifpi.edu.br/cocal/noticias/cocal-divulga-preliminar-em-selecao-para-monitorias,17/10/2025,True,Não Mapeado,Pesquisa e Inovação
Campus Floriano desenvolve projeto para divulgar cursos técnicos,https://www.ifpi.edu.br/floriano/noticias/campus-floriano-desenvolve-projeto-para-divulgar-cursos-tecnicos,17/10/2025,False,IFPI - Campus Floriano,Concursos e Seleção de Servidores
Picos oferta vagas em curso de Eletricista Instalador Predial,https://www.ifpi.edu.br/picos/noticias/picos-oferta-vagas-em-curso-de-eletricista-instalador-predial,17/10/2025,True,IFPI - Campus Picos,Ensino e Cursos
Campus Pedro II divulga preliminar em seleção de monitores,https://www.ifpi.edu.br/pedroii/noticias/campus-pedro-ii-divulga-preliminar-em-selecao-de-monitores,17/10/2025,True,Não Mapeado,Outros/Geral
IFPI divulga resultado final do Programa Bolsa Permanência,https://www.ifpi.edu.br/noticias/ifpi-divulga-resultado-final-do-programa-bolsa-permanencia,17/10/2025,True,IFPI - Geral,Assistência Estudantil
IFPI seleciona supervisor de Química para o PIBID,https://www.ifpi.edu.br/paulistana/noticias/ifpi-seleciona-supervisor-de-quimica-para-o-pibid,16/10/2025,True,IFPI - Geral,Assistência Estudantil
Teresina Zona Sul divulga resultados de Chamada Pública para cursos técnicos,https://www.ifpi.edu.br/teresinazonasul/noticias/teresina-zona-sul-divulga-resultados-de-chamada-publica-para-cursos-tecnicos-1,16/10/2025,True,IFPI - Campus Teresina Zona Sul,Ensino e Cursos
Lei de apoio à alimentação escolar na Rede Federal é aprovada pelo Congresso Nacional,https://www.ifpi.edu.br/noticias/lei-de-apoio-a-alimentacao-escolar-na-rede-federal-e-aprovada-pelo-congresso-nacional,16/10/2025,False,IFPI - Campus Pedro II,Concursos e Seleção de Servidores
IFPI inaugura laboratório de informática de alto desempenho do projeto Embarcatech,https://www.ifpi.edu.br/noticias/ifpi-inaugura-laboratorio-de-informatica-de-alto-desempenho-do-projeto-embarcatech,16/10/2025,False,IFPI - Geral,Pesquisa e Inovação
IFPI é a segunda instituição de ensino da américa latina a assinar convênio com Extreme Networks,https://www.ifpi.edu.br/noticias/ifpi-e-a-segunda-instituicao-de-ensino-da-america-latina-a-assinar-convenio-com-extreme-networks,16/10/2025,False,IFPI - Geral,Concursos e Seleção de Servidores
Cocal homologa inscrições para curso de Inglês,https://www.ifpi.edu.br/cocal/noticias/cocal-homologa-inscricoes-para-curso-de-ingles,16/10/2025,True,IFPI - Campus Cocal,Outros/Geral
IFPI divulga vídeo sobre PDI 2025-2029,https://www.ifpi.edu.br/noticias/ifpi-divulga-video-sobre-pdi-2025-2029,15/10/2025,True,IFPI - Geral,Outros/Geral
IFPI participa de homenagem ao Dia do Técnico Industrial,https://www.ifpi.edu.br/teresinacentral/noticias/ifpi-participa-de-homenagem-ao-dia-do-tecnico-industrial,15/10/2025,False,IFPI - Geral,Concursos e Seleção de Servidores
Professor do IFPI participa de reunião para criação do Guia Internacional da Opala,https://www.ifpi.edu.br/noticias/professor-do-ifpi-participa-de-reuniao-para-criacao-do-guia-internacional-da-opala,15/10/2025,False,IFPI - Geral,Concursos e Seleção de Servidores
Professor do Campus Floriano apresenta trabalhos em evento nacional de Engenharia,https://www.ifpi.edu.br/floriano/noticias/professor-do-campus-floriano-apresenta-trabalhos-em-evento-nacional-de-engenharia,15/10/2025,False,IFPI - Campus Floriano,Concursos e Seleção de Servidores
Corrente divulga aprovados para estágio curricular,https://www.ifpi.edu.br/corrente/noticias/corrente-divulga-aprovados-para-estagio-curricular,15/10/2025,True,Não Mapeado,Ensino e Cursos
Valença oferta bolsa de monitoria remunerada,https://www.ifpi.edu.br/valenca/noticias/valenca-oferta-bolsa-de-monitoria-remunerada,15/10/2025,True,IFPI - Campus Valença,Assistência Estudantil
Professor de Parnaíba apresenta pesquisas em Congresso Barsileiro de Eletrônica,https://www.ifpi.edu.br/parnaiba/noticias/professor-de-parnaiba-apresenta-pesquisas-em-congresso-barsileiro-de-eletonica,15/10/2025,False,IFPI - Campus Parnaíba,Concursos e Seleção de Servidores
Semarh e Campus São João  firmam parceria para instalação de estação agrometeorológica,https://www.ifpi.edu.br/saojoao/noticias/semarh-e-campus-sao-joao-firmam-parceria-para-instalacao-de-estacao-agrometeorologica,15/10/2025,False,IFPI - Campus São João,Ensino e Cursos
IFPI seleciona novos membros da Comissão de Ética Institucional,https://www.ifpi.edu.br/noticias/ifpi-seleciona-novos-membros-da-comissao-de-etica-institucional,15/10/2025,True,IFPI - Geral,Concursos e Seleção de Servidores
Polo de Inovação do IFPI sedia reunião do Colégio de Dirigentes,https://www.ifpi.edu.br/noticias/polo-de-inovacao-do-ifpi-sedia-reuniao-do-colegio-de-dirigentes,15/10/2025,False,IFPI - Geral,Pesquisa e Inovação
Teresina Central oferece preparatório para o Enade,https://www.ifpi.edu.br/teresinacentral/noticias/teresina-central-oferece-preparatorio-para-o-enade,15/10/2025,False,IFPI - Campus Teresina Central,Concursos e Seleção de Servidores
Angical oferta vagas para estágio curricular obrigatório,https://www.ifpi.edu.br/angical/noticias/angical-oferta-vagas-para-estagio-curricular-obrigatorio,14/10/2025,True,Não Mapeado,Ensino e Cursos
Valença divulga aprovados para estágio curricular,https://www.ifpi.edu.br/valenca/noticias/valenca-divulga-aprovados-para-estagio-curricular,14/10/2025,False,IFPI - Campus Valença,Ensino e Cursos
IFPI homologa inscrições para Mestrado em Ensino de Física,https://www.ifpi.edu.br/noticias/ifpi-homologa-inscricoes-para-mestrado-em-ensino-de-fisica,14/10/2025,True,IFPI - Geral,Pós-Graduação
IFPI lança edição 2025 do projeto Repensar,https://www.ifpi.edu.br/noticias/ifpi-lanca-projeto-repensar-2025,14/10/2025,False,IFPI - Geral,Concursos e Seleção de Servidores
Teresina Central realiza palestras sobre saúde mental,https://www.ifpi.edu.br/teresinacentral/noticias/teresina-central-tera-palestra-sobre-saude-mental,14/10/2025,False,IFPI - Campus Teresina Central,Extensão e Cultura
IFPI realiza solenidade de colação de grau extemporânea,https://www.ifpi.edu.br/noticias/ifpi-realiza-solenidade-de-colacao-de-grau-extemporanea-2,14/10/2025,False,IFPI - Geral,Concursos e Seleção de Servidores
Campus Pedro II convoca para entrevistas em Seleção de Monitores,https://www.ifpi.edu.br/pedroii/noticias/campus-pedro-ii-convoca-para-entrevistas-em-selecao-de-monitores,14/10/2025,True,Não Mapeado,Outros/Geral
Cocal homologa inscrições para monitorias,https://www.ifpi.edu.br/cocal/noticias/cocal-homologa-inscricoes-para-monitorias,14/10/2025,True,Não Mapeado,Pesquisa e Inovação
Angical seleciona professor substituto de Informática,https://www.ifpi.edu.br/angical/noticias/angical-seleciona-professor-substituto-de-informatica,14/10/2025,True,Não Mapeado,Concursos e Seleção de Servidores
IFPI faz comunicado sobre exame para Mestrado Profissional em Matemática,https://www.ifpi.edu.br/floriano/noticias/ifpi-faz-comunicado-sobre-exame-para-mestrado-profissional-em-matematica,14/10/2025,True,IFPI - Geral,Pós-Graduação
DEFESA DE MESTRADO: RODRIGGO CRUZ ALVES MESQUITA,https://www.ifpi.edu.br/noticias/defesa-de-mestrado-rodriggo-cruz-alves-mesquita,14/10/2025,False,Não Mapeado,Pós-Graduação
Teresina Central celebra Dia Nacional do Secretariado,https://www.ifpi.edu.br/teresinacentral/noticias/teresina-central-celebra-dia-nacional-do-secretariado,14/10/2025,False,IFPI - Campus Teresina Central,Concursos e Seleção de Servidores
Campus Esperantina realiza palestra em Comunidade Rural,https://www.ifpi.edu.br/noticias/campus-esperantina-realiza-palestra-em-comunidade-rural,14/10/2025,False,IFPI - Geral,Extensão e Cultura
Valença homologa inscrições para professor de Língua Portuguesa,https://www.ifpi.edu.br/valenca/noticias/valenca-homologa-inscricoes-para-professor-de-lingua-portuguesa,14/10/2025,True,IFPI - Campus Valença,Concursos e Seleção de Servidores
Campo Maior homologa resultado de chamada para aquisição de alimentos,https://www.ifpi.edu.br/campomaior/noticias/campo-maior-homologa-resultado-de-chamada-para-aquisicao-de-alimentos,13/10/2025,True,IFPI - Campus Campo Maior,Extensão e Cultura
Oeiras aprova projeto de Agroecologia e Produção Orgânica em chamada do CNPq,https://www.ifpi.edu.br/oeiras/noticias/oeiras-aprova-projeto-de-agroecologia-e-producao-organica-em-chamada-do-cnpq,13/10/2025,False,IFPI - Campus Oeiras,Assistência Estudantil
Paulistana realiza evento do Projeto Escola da Terra Semiárido,https://www.ifpi.edu.br/paulistana/noticias/paulistana-realiza-evento-do-projeto-escola-da-terra-semiarido,13/10/2025,False,IFPI - Campus Paulistana,Concursos e Seleção de Servidores
Teresina Zona Sul divulga preliminar de heteroidentificação para cursos técnicos,https://www.ifpi.edu.br/teresinazonasul/noticias/teresina-zona-sul-divulga-preliminar-de-heteroidentificacao-para-cursos-tecnicos-1,13/10/2025,True,IFPI - Campus Teresina Zona Sul,Ensino e Cursos
Cocal homologa inscrição para monitor leitor,https://www.ifpi.edu.br/cocal/noticias/cocal-homologa-inscricao-para-monitor-leitor,13/10/2025,True,IFPI - Campus Cocal,Outros/Geral
"Uruçuí abre submissão de trabalhos para Feira de Ciência, Tecnologia e Empreendedorismo",https://www.ifpi.edu.br/urucui/noticias/urucui-abre-submissao-de-trabalhos-para-feira-de-ciencia-tecnologia-e-empreendedorismo,13/10/2025,True,IFPI - Campus Uruçuí,Concursos e Seleção de Servidores
Valença divulga preliminar para estágio curricular,https://www.ifpi.edu.br/valenca/noticias/valenca-divulga-preliminar-para-estagio-curricular,13/10/2025,False,IFPI - Campus Valença,Ensino e Cursos
Piripiri homologa inscrições para monitorias,https://www.ifpi.edu.br/piripiri/noticias/piripiri-homologa-inscricoes-para-monitorias-1,13/10/2025,True,IFPI - Campus Piripiri,Ensino e Cursos
Campus Oeiras seleciona monitores voluntários,https://www.ifpi.edu.br/oeiras/noticias/campus-oeiras-seleciona-monitores-voluntarios,13/10/2025,True,IFPI - Campus Oeiras,Ensino e Cursos
Pedro II homologa inscrições para monitorias,https://www.ifpi.edu.br/pedroii/noticias/pedro-ii-homologa-inscricoes-para-monitorias,13/10/2025,True,IFPI - Geral,Outros/Geral
Picos realiza acolhimento para estudantes ingressantes,https://www.ifpi.edu.br/picos/noticias/picos-realiza-acolhimento-para-estudantes-ingressantes,13/10/2025,False,IFPI - Campus Picos,Concursos e Seleção de Servidores
Campus José de Freitas integra Campanha de Vacinação Antirrábica,https://www.ifpi.edu.br/josedefreitas/noticias/campus-jose-de-freitas-integra-campanha-de-vacinacao-antirrabica,13/10/2025,False,IFPI - Campus José de Freitas,Concursos e Seleção de Servidores
Corrente seleciona monitores de Matemática e Português,https://www.ifpi.edu.br/corrente/noticias/corrente-seleciona-monitores-de-matematica-e-portugues,13/10/2025,True,IFPI - Geral,Assistência Estudantil
Ministério Público leva palestra sobre racismo para o Campus Cocal,https://www.ifpi.edu.br/cocal/noticias/ministerio-publico-leva-palestra-sobre-racismo-para-o-campus-cocal,13/10/2025,False,IFPI - Campus Cocal,Extensão e Cultura
Campus Esperantina realiza palestra em Assentamento Rural,https://www.ifpi.edu.br/noticias/campus-esperantina-realiza-palestra-em-assentamento-rural,13/10/2025,False,IFPI - Geral,Pesquisa e Inovação
Egressas do IFPI expõem produtos que evidenciam iniciativas profissionais,https://www.ifpi.edu.br/teresinacentral/noticias/egressos-do-ifpi-expoem-produtos-que-evidenciam-iniciativas-profissionais,13/10/2025,False,IFPI - Geral,Pesquisa e Inovação
ProfEPT divulga referências bibliográficas para o Exame Nacional de Acesso 2026,https://www.ifpi.edu.br/noticias/profept-divulga-referencias-bibliograficas-para-o-exame-nacional-de-acesso-2026,13/10/2025,True,Não Mapeado,Pós-Graduação
Teresina Central promove palestra sobre Comunicação Organizacional,https://www.ifpi.edu.br/teresinacentral/noticias/teresina-central-promove-palestra-sobre-comunicacao-organizacional,13/10/2025,False,IFPI - Campus Teresina Central,Extensão e Cultura
Campo Maior divulga segunda chamada para curso gratuito de Inglês Básico,https://www.ifpi.edu.br/campomaior/noticias/campo-maior-divulga-segunda-chamada-para-curso-gratuito-de-ingles-basico,13/10/2025,False,IFPI - Campus Campo Maior,Outros/Geral
Saúde Mental é tema do projeto Repensar 2025,https://www.ifpi.edu.br/noticias/saude-mental-e-tema-do-projeto-repensar-2025,13/10/2025,False,IFPI - Campus Floriano,Concursos e Seleção de Servidores
Startups do IFPI levam inovação para Campus Party Weekend 2025,https://www.ifpi.edu.br/noticias/startups-do-ifpi-levam-inovacao-da-campus-party-weekend-2025,12/10/2025,False,IFPI - Geral,Concursos e Seleção de Servidores
Reitoria realizará serviço de dedetização nesta sexta (10),https://www.ifpi.edu.br/noticias/reitoria-realizara-servico-de-dedetizacao-nesta-sexta-10,10/10/2025,False,Não Mapeado,Concursos e Seleção de Servidores
Professor do IFPI tem tese de doutorado premiada,https://www.ifpi.edu.br/dirceu/noticias/professor-do-ifpi-tem-tese-de-doutorado-premiada,09/10/2025,False,IFPI - Geral,Pós-Graduação
Teresina Zona Sul seleciona bolsistas para Jornada de Saberes e da Diversidade,https://www.ifpi.edu.br/teresinazonasul/noticias/teresina-zona-sul-seleciona-bolsistas-para-jornada-de-saberes-e-da-diversidade,09/10/2025,True,IFPI - Campus Teresina Zona Sul,Assistência Estudantil
"Campus Pedro II realiza Feira de Inovação, Ciência e Tecnologia Sustentável na Terra da Opala",https://www.ifpi.edu.br/pedroii/noticias/campus-pedro-ii-realiza-feira-de-inovacao-ciencia-e-tecnologia-sustentavel-na-terra-da-opala,09/10/2025,True,IFPI - Campus Pedro II,Pós-Graduação
Alunos do Campus São João são premiados na 72ª Jornada de Foguetes e na OBA,https://www.ifpi.edu.br/saojoao/noticias/alunos-do-campus-sao-joao-sao-premiados-na-72a-jornada-de-foguetes-e-na-oba,09/10/2025,False,IFPI - Campus São João,Concursos e Seleção de Servidores
Cocal oferta vagas de monitoria remunerada e voluntária,https://www.ifpi.edu.br/cocal/noticias/cocal-oferta-vagas-de-monitoria-remunerada-e-voluntaria,09/10/2025,True,Não Mapeado,Assistência Estudantil
Campus Campo Maior realizará 3ª edição do Jovens na Ciência,https://www.ifpi.edu.br/campomaior/noticias/campus-campo-maior-realizara-3a-edicao-do-jovens-na-ciencia,09/10/2025,True,IFPI - Campus Campo Maior,Concursos e Seleção de Servidores
IFPI publica errata de especialização em Educação do Campo e Quilombola,https://www.ifpi.edu.br/noticias/ifpi-publica-errata-de-especializacao-em-educacao-do-campo-e-quilombola,09/10/2025,True,IFPI - Geral,Pós-Graduação
Professores do Campus Teresina Central apresentam trabalhos em evento científico em Educação,https://www.ifpi.edu.br/teresinacentral/noticias/professores-do-cmapus-teresina-central-apresentam-trabalhos-em-evento-cientifico-em-educacao,09/10/2025,False,IFPI - Campus Teresina Central,Concursos e Seleção de Servidores
Valença divulga seleção para Estágio Curricular,https://www.ifpi.edu.br/valenca/noticias/valenca-divulga-selecao-para-estagio-curricular,09/10/2025,True,IFPI - Campus Valença,Ensino e Cursos
IFPI celebra Dia do Tecnólogo em Alimentos com palestras sobre saúde mental e comunicação assertiva,https://www.ifpi.edu.br/teresinacentral/noticias/ifpi-celebra-dia-do-tecnologo-em-alimentos-com-palestras-sobre-saude-mental-e-comunicacao-assertiva,09/10/2025,False,IFPI - Geral,Concursos e Seleção de Servidores
IFPI seleciona para especialização em educação do campo e quilombola,https://www.ifpi.edu.br/noticias/ifpi-seleciona-para-especializacao-em-educacao-do-campo-e-quilombola,08/10/2025,True,IFPI - Geral,Pós-Graduação
Campus Paulistana realiza Curso Prático de Combate a Incêndios e Situações de Emergência,https://www.ifpi.edu.br/paulistana/noticias/campus-paulistana-realiza-curso-pratico-de-combate-a-incendios-e-situacoes-de-emergencia,08/10/2025,False,IFPI - Campus Paulistana,Concursos e Seleção de Servidores
Campo Maior divulga aprovados para curso de Inglês,https://www.ifpi.edu.br/campomaior/noticias/campo-maior-divulga-aprovados-para-curso-de-ingles-1,08/10/2025,True,IFPI - Campus Campo Maior,Ensino e Cursos
Campus São João do Piauí realiza Conexão ADM,https://www.ifpi.edu.br/saojoao/noticias/campus-sao-joao-do-piaui-realiza-conexao-adm,08/10/2025,False,IFPI - Campus São João,Concursos e Seleção de Servidores
Picos faz 4ª chamada para curso de ADS,https://www.ifpi.edu.br/picos/noticias/picos-faz-4a-chamada-para-curso-de-ads,08/10/2025,True,IFPI - Campus Picos,Ensino e Cursos
Teresina Central realiza evento para valorização de egressos,https://www.ifpi.edu.br/teresinacentral/noticias/teresina-central-realiza-evento-para-valorizacao-de-egressos,08/10/2025,False,IFPI - Geral,Pesquisa e Inovação
Cocal oferta Curso Básico de Inglês,https://www.ifpi.edu.br/cocal/noticias/cocal-oferta-curso-basico-de-ingles,08/10/2025,True,IFPI - Campus Cocal,Ensino e Cursos
QUALIFICAÇÃO DE MESTRADO: WANDERSON DE SOUSA SILVA,https://www.ifpi.edu.br/noticias/qualificacao-de-mestrado-wanderson-de-sousa-silva,08/10/2025,False,Não Mapeado,Pós-Graduação
Campus Cocal e Secretarias municipais realizam Marcha das Mulheres Negras,https://www.ifpi.edu.br/cocal/noticias/campus-cocal-e-secretarias-municipais-realizam-marcha-das-mulheres-negras-1,08/10/2025,False,IFPI - Campus Cocal,Ensino e Cursos
Campus Cocal tem pré-estreia do filme Jenipapo - O Grito dos Esquecidos,https://www.ifpi.edu.br/cocal/noticias/campus-cocal-tem-pre-estreia-do-filme-jenipapo-o-grito-dos-esquecidos,08/10/2025,False,IFPI - Campus Cocal,Pesquisa e Inovação
IFPI e FAIFPI realizam doação de livros a estudantes da unidade prisional Major César,https://www.ifpi.edu.br/noticias/ifpi-e-faifpi-realizam-doacao-de-livros-a-estudantes-da-unidade-prisional-major-cesar,08/10/2025,False,IFPI - Geral,Concursos e Seleção de Servidores
Teresina Central recebe exposição Multiversos do Trabalho,https://www.ifpi.edu.br/teresinacentral/noticias/teresina-central-recebe-exposicao-multiversos-do-trabalho,08/10/2025,False,IFPI - Campus Teresina Central,Concursos e Seleção de Servidores
Alunos de Administração do Campus Piripiri se destacam no 36° ENANGRAD com 23 trabalhos aprovados,https://www.ifpi.edu.br/piripiri/noticias/alunos-de-administracao-do-campus-piripiri-se-destacam-no-36deg-enangrad-com-23-trabalhos-aprovados,08/10/2025,False,IFPI - Campus Piripiri,Concursos e Seleção de Servidores
Divulgada lista de aprovados em 2ª chamada para curso técnico em Defesa Civil,https://www.ifpi.edu.br/teresinacentral/noticias/divulgada-a-lista-de-aprovados-em-2a-chamada-para-o-curso-tecnico-em-defesa-civil,07/10/2025,True,IFPI - Geral,Concursos e Seleção de Servidores
IFPI realiza I Feira Piauiense de Ciências e Engenharia,https://www.ifpi.edu.br/teresinacentral/noticias/ifpi-realiza-i-feira-piauiense-de-ciencias-e-engenharia,07/10/2025,False,IFPI - Geral,Ensino e Cursos
Estudantes do Campus Oeiras participam do Congresso Nacional de Educação em Recife,https://www.ifpi.edu.br/oeiras/noticias/estudantes-do-campus-oeiras-participam-do-congresso-nacional-de-educacao-em-recife,07/10/2025,False,IFPI - Campus Oeiras,Concursos e Seleção de Servidores
Cocal seleciona monitor ledor para o NAPNE,https://www.ifpi.edu.br/cocal/noticias/cocal-seleciona-monitor-ledor-para-o-napne,07/10/2025,True,IFPI - Campus Cocal,Assistência Estudantil
Professora do IFPI tem filme premiado e com exibição marcada em Londres,https://www.ifpi.edu.br/teresinacentral/noticias/professora-do-ifpi-tem-filme-premiado-e-com-exibicao-marcada-em-londres,07/10/2025,False,IFPI - Geral,Pós-Graduação
Teresina Central convida alunos para projeto Sementes do Saber,https://www.ifpi.edu.br/teresinacentral/noticias/teresina-central-convida-alunos-para-projeto-sementes-do-saber,07/10/2025,False,IFPI - Campus Teresina Central,Outros/Geral
Campus São João tem roda de conversa sobre saúde mental,https://www.ifpi.edu.br/saojoao/noticias/campus-sao-joao-tem-roda-de-conversa-sobre-saude-mental,07/10/2025,False,IFPI - Campus São João,Concursos e Seleção de Servidores
Piripiri seleciona monitores,https://www.ifpi.edu.br/piripiri/noticias/piripiri-seleciona-monitores,07/10/2025,True,IFPI - Campus Piripiri,Outros/Geral
Valença divulga resultado final para Estágio Curricular,https://www.ifpi.edu.br/valenca/noticias/valenca-divulga-resultado-final-para-estagio-curricular,07/10/2025,False,IFPI - Campus Valença,Ensino e Cursos
Valença divulga errata de inscrições para seleção de professor de direito,https://www.ifpi.edu.br/valenca/noticias/valenca-divulga-errata-de-inscricoes-para-selecao-de-professor-de-direito,07/10/2025,True,IFPI - Campus Valença,Concursos e Seleção de Servidores
Pedro II seleciona monitores,https://www.ifpi.edu.br/pedroii/noticias/pedro-ii-seleciona-monitores-para-napne,07/10/2025,True,Não Mapeado,Assistência Estudantil
Campo Maior divulga preliminar para curso de Inglês,https://www.ifpi.edu.br/campomaior/noticias/campo-maior-divulga-preliminar-para-curso-de-ingles,06/10/2025,False,IFPI - Campus Campo Maior,Outros/Geral
Corrente oferta vagas para estágio curricular obrigatório,https://www.ifpi.edu.br/corrente/noticias/corrente-oferta-vagas-para-estagio-curricular-obrigatorio,06/10/2025,True,Não Mapeado,Ensino e Cursos
IFPI e Assembleia Legislativa assinam convênio para transmissão de aulas de revisão,https://www.ifpi.edu.br/noticias/ifpi-e-assembleia-legislativa-assinam-convenio-para-transmissao-de-aulas-de-revisao,06/10/2025,False,IFPI - Geral,Concursos e Seleção de Servidores
IFPI divulga preliminar de inscrições em Mestrado em Ensino de Física,https://www.ifpi.edu.br/noticias/ifpi-divulga-preliminar-de-inscricoes-em-mestrado-em-ensino-de-fisica,06/10/2025,True,IFPI - Geral,Pós-Graduação
XVII Semana da Matemática e da Física acontece em dezembro no Teresina Central,https://www.ifpi.edu.br/teresinacentral/noticias/xvii-semana-da-matematica-e-da-fisica-acontece-em-dezembro-no-teresina-central,06/10/2025,False,IFPI - Campus Teresina Central,Pesquisa e Inovação
Dirceu divulga resultado final para monitoria do NAPNE,https://www.ifpi.edu.br/dirceu/noticias/dirceu-divulga-resultado-final-para-monitoria-do-napne,06/10/2025,False,IFPI - Campus Teresina Dirceu Arcoverde,Outros/Geral
Picos divulga aprovados para curso de Administração,https://www.ifpi.edu.br/picos/noticias/picos-divulga-aprovados-para-curso-de-administracao,03/10/2025,True,IFPI - Campus Picos,Ensino e Cursos
Teresina Zona Sul oferta vagas para cursos técnicos,https://www.ifpi.edu.br/teresinazonasul/noticias/teresina-zona-sul-oferta-vagas-para-cursos-tecnicos-1,03/10/2025,True,IFPI - Campus Teresina Zona Sul,Ensino e Cursos
IFPI realiza 1ª Exposição de Materiais Pedagógicos Acessíveis,https://www.ifpi.edu.br/noticias/ifpi-realiza-1a-exposicao-de-materiais-pedagogicos-acessiveis,03/10/2025,False,IFPI - Geral,Pós-Graduação
Campus Cocal realiza programação do Setembro Amarelo,https://www.ifpi.edu.br/cocal/noticias/campus-cocal-realiza-programacao-do-setembro-amarelo,03/10/2025,False,IFPI - Campus Cocal,Ensino e Cursos
São João divulga eleitos para Centros Acadêmicos,https://www.ifpi.edu.br/saojoao/noticias/sao-joao-divulga-eleitos-para-centros-academicos,03/10/2025,False,IFPI - Campus São João,Ensino e Cursos
IFPI divulga resultado para curso de Educação Escolar Quilombola,https://www.ifpi.edu.br/saojoao/noticias/ifpi-divulga-resultado-para-curso-de-educacao-escolar-quilombola,03/10/2025,True,IFPI - Geral,Extensão e Cultura
Campus Pio IX divulga resultado de seleção para monitores,https://www.ifpi.edu.br/pioix/noticias/campus-pio-ix-divulga-resultado-de-selecao-para-monitores,03/10/2025,True,Não Mapeado,Outros/Geral
Projeto Escolas Sustentáveis alcança mais de 70% das escolas de São Gonçalo do Gurguéia,https://www.ifpi.edu.br/corrente/noticias/projeto-escolas-sustentaveis-alcanca-mais-de-70-das-escolas-de-sao-goncalo-do-gurgueia,03/10/2025,False,IFPI - Campus Corrente,Concursos e Seleção de Servidores
Campus Pedro II apresenta projetos do Embarcatech ao Hospital São Camilo,https://www.ifpi.edu.br/pedroii/noticias/campus-pedro-ii-apresenta-projetos-do-embarcatech-ao-hospital-sao-camilo,03/10/2025,False,IFPI - Geral,Concursos e Seleção de Servidores
São Raimundo Nonato divulga resultado final para monitorias,https://www.ifpi.edu.br/saoraimundononato/noticias/sao-raimundo-nonato-divulga-resultado-final-para-monitorias,03/10/2025,True,Não Mapeado,Ensino e Cursos
Campus Pedro II promove programação alusiva ao Setembro Amarelo,https://www.ifpi.edu.br/pedroii/noticias/campus-pedro-ii-promove-programacao-alusiva-ao-setembro-amarelo,03/10/2025,False,IFPI - Geral,Concursos e Seleção de Servidores
IFPI oferta 4.280 vagas em cursos técnicos,https://www.ifpi.edu.br/noticias/ifpi-oferta-4-280-vagas-em-cursos-tecnicos,02/10/2025,True,IFPI - Geral,Ensino e Cursos
Dirceu divulga preliminar para monitoria do NAPNE,https://www.ifpi.edu.br/dirceu/noticias/dirceu-divulga-preliminar-para-monitoria-do-napne,02/10/2025,True,IFPI - Campus Teresina Dirceu Arcoverde,Ensino e Cursos
Valença homologa inscrições para professor de Direito,https://www.ifpi.edu.br/valenca/noticias/valenca-homologa-inscricoes-para-professor-de-direito,02/10/2025,True,IFPI - Campus Valença,Concursos e Seleção de Servidores
São Raimundo Nonato divulga preliminar para monitorias,https://www.ifpi.edu.br/saoraimundononato/noticias/sao-raimundo-nonato-divulga-preliminar-para-monitorias-2,02/10/2025,True,Não Mapeado,Ensino e Cursos
IFPI e LG concluem 3ª turma de treinamentos do Programa VIP Partner,https://www.ifpi.edu.br/noticias/ifpi-e-lg-concluem-3a-turma-de-treinamentos-do-programa-vip-partner,02/10/2025,False,IFPI - Geral,Concursos e Seleção de Servidores
Teresina Central promove evento com foco na saúde mental e integração dos alunos,https://www.ifpi.edu.br/teresinacentral/noticias/teresina-central-promove-evento-com-foco-na-saude-mental-e-integracao-dos-alunos,02/10/2025,False,IFPI - Campus Teresina Central,Concursos e Seleção de Servidores
Piripiri divulga aprovados para Benefício Permanente,https://www.ifpi.edu.br/piripiri/noticias/piripiri-divulga-aprovados-para-beneficio-permanente-1,01/10/2025,True,IFPI - Campus Piripiri,Outros/Geral
Teresina Zona Sul prorroga prazo para submissão de trabalhos para evento sobre IA,https://www.ifpi.edu.br/teresinazonasul/noticias/teresina-zona-sul-prorroga-prazo-para-submissao-de-trabalhos-para-evento-sobre-ia,01/10/2025,True,IFPI - Campus Teresina Zona Sul,Concursos e Seleção de Servidores
Angical convoca para entrevistas em seleção para benefícios,https://www.ifpi.edu.br/angical/noticias/angical-convoca-para-entrevistas-em-selecao-para-beneficios,01/10/2025,True,Não Mapeado,Outros/Geral
Alunos de Geoprocessamento apresentam pesquisas em congresso internacional em Recife,https://www.ifpi.edu.br/teresinacentral/noticias/alunos-de-geoprocessamento-apresentam-pesquisas-em-congresso-internacional-em-recife,01/10/2025,False,IFPI - Geral,Concursos e Seleção de Servidores
Campus Angical realizou Encontro Pedagógico,https://www.ifpi.edu.br/angical/noticias/campus-angical-realizou-encontro-pedagogico,01/10/2025,False,IFPI - Campus Angical,Extensão e Cultura
Valença divulga resultado preliminar para Estágio Curricular,https://www.ifpi.edu.br/valenca/noticias/valenca-divulga-resultado-preliminar-para-estagio-curricular,01/10/2025,False,IFPI - Campus Valença,Ensino e Cursos
Corrente divulga resultado para Benefício Permanente,https://www.ifpi.edu.br/corrente/noticias/corrente-divulga-resultado-para-beneficio-permanente,01/10/2025,False,IFPI - Campus Corrente,Outros/Geral
Valença divulga homologação das inscrições para coordenador do NEABI,https://www.ifpi.edu.br/valenca/noticias/valenca-divulga-homologacao-das-inscricoes-para-coordenador-do-neabi,01/10/2025,False,IFPI - Campus Valença,Outros/Geral
Campus Parnaíba realizou Feira Empreendedora Qualific,https://www.ifpi.edu.br/parnaiba/noticias/campus-parnaiba-realizou-feira-empreendedora-qualific,30/09/2025,False,IFPI - Campus Parnaíba,Concursos e Seleção de Servidores
Picos divulga parcial para curso técnico em Administração,https://www.ifpi.edu.br/picos/noticias/picos-divulga-parcial-para-curso-tecnico-em-administracao,30/09/2025,True,IFPI - Campus Picos,Ensino e Cursos
Picos faz 3ªª chamada para curso de ADS,https://www.ifpi.edu.br/picos/noticias/picos-faz-3aa-chamada-para-curso-de-ads,30/09/2025,True,IFPI - Campus Picos,Ensino e Cursos
Alunos do Campus Piripiri recebem Menção Honrosa em evento internacional de inovação,https://www.ifpi.edu.br/piripiri/noticias/alunos-do-campus-piripiri-recebem-mencao-honrosa-em-evento-internacional-de-inovacao,30/09/2025,False,IFPI - Campus Piripiri,Pesquisa e Inovação
IFPI sedia 13ª edição do Simpósio Internacional de Inovação Tecnológica,https://www.ifpi.edu.br/noticias/ifpi-sedia-13a-edicao-do-simposio-internacional-de-inovacao-tecnologica,29/09/2025,False,IFPI - Geral,Pós-Graduação
Teresina Zona Sul faz nova convocação de excedentes para curso de Panificação,https://www.ifpi.edu.br/teresinazonasul/noticias/teresina-zona-sul-faz-nova-convocacao-de-excedentes-para-curso-de-panificacao,29/09/2025,True,IFPI - Campus Teresina Zona Sul,Ensino e Cursos
Paulistana divulga resultado da seleção para professor de Matemática,https://www.ifpi.edu.br/paulistana/noticias/paulistana-divulga-resultado-da-selecao-para-professor-de-matematica,29/09/2025,True,IFPI - Campus Paulistana,Concursos e Seleção de Servidores
Divulgada a lista de aprovados em 1ª chamada para o curso técnico em Defesa Civil,https://www.ifpi.edu.br/teresinacentral/noticias/divulgada-a-lista-de-aprovados-em-1a-chamada-para-o-curso-tecnico-em-defesa-civil-1,29/09/2025,False,Não Mapeado,Outros/Geral
Defesa de mestrado: DANIEL GUIMARÃES GONÇALVES,https://www.ifpi.edu.br/noticias/defesa-de-mestrado-daniel-guimaraes-goncalves,29/09/2025,False,IFPI - Campus Campo Maior,Pós-Graduação
Campus Campo Maior debate estratégias em agroecologia com instituiçoes parceiras,https://www.ifpi.edu.br/campomaior/noticias/campus-campo-maior-e-instituicoes-debatem-estrategias-em-agroecologia,29/09/2025,False,IFPI - Campus Campo Maior,Concursos e Seleção de Servidores
Campus Pio IX e Banco do Nordeste promovem treinamento,https://www.ifpi.edu.br/pioix/noticias/campus-pio-ix-e-banco-do-nordeste-promovem-treinamento,29/09/2025,False,IFPI - Campus Pio IX,Concursos e Seleção de Servidores
Campus Pio IX participa da VII Exponono com destaque na área de Agropecuária,https://www.ifpi.edu.br/pioix/noticias/campus-pio-ix-participa-da-vii-exponono-com-destaque-na-area-de-agropecuaria,29/09/2025,False,IFPI - Campus Pio IX,Extensão e Cultura
IFPI assina protocolo de intenção com Piauí Gov Tech,https://www.ifpi.edu.br/noticias/ifpi-assina-protocolo-de-intencao-com-piaui-gov-tech,26/09/2025,False,IFPI - Geral,Concursos e Seleção de Servidores
Alunos do IFPI produzem manual de química para estudantes surdos(as),https://www.ifpi.edu.br/cocal/noticias/alunos-do-ifpi-produzem-manual-de-quimica-para-estudantes-surdos-as,26/09/2025,False,IFPI - Geral,Concursos e Seleção de Servidores
Campo Maior oferta curso gratuito de Inglês Básico,https://www.ifpi.edu.br/campomaior/noticias/campo-maior-oferta-curso-gratuito-de-ingles-basico,26/09/2025,True,IFPI - Campus Campo Maior,Ensino e Cursos
Paulistana divulga etapas em seleção para professor de Matemática,https://www.ifpi.edu.br/paulistana/noticias/paulistana-divulga-etapas-em-selecao-para-professor-de-matematica,26/09/2025,True,IFPI - Campus Paulistana,Concursos e Seleção de Servidores
Campus Paulistana promove formação em primeiros socorros para servidores,https://www.ifpi.edu.br/paulistana/noticias/campus-paulistana-promove-formacao-em-primeiros-socorros-para-servidores,26/09/2025,False,IFPI - Campus Paulistana,Concursos e Seleção de Servidores
Campus Paulistana promove ações do Setembro Amarelo,https://www.ifpi.edu.br/paulistana/noticias/campus-paulistana-promove-acoes-do-setembro-amarelo,26/09/2025,False,IFPI - Campus Paulistana,Extensão e Cultura
Campo Maior divulga preliminar em chamada para aquisição de alimentos,https://www.ifpi.edu.br/campomaior/noticias/campo-maior-divulga-preliminar-em-chamada-para-aquisicao-de-alimentos,26/09/2025,True,IFPI - Campus Campo Maior,Extensão e Cultura
Conselho Editorial  realiza reunião com as Pós-Graduações Stricto sensu do IFPI,https://www.ifpi.edu.br/noticias/conselho-editorial-realiza-reuniao-com-as-pos-graduacoes-stricto-sensu-do-ifpi,26/09/2025,False,IFPI - Geral,Pós-Graduação
Alunos do CETI de Milton Brandão visitam o  Campus Pedro II,https://www.ifpi.edu.br/pedroii/noticias/alunos-do-ceti-de-milton-brandao-visitam-o-campus-pedro-ii,26/09/2025,False,Não Mapeado,Concursos e Seleção de Servidores
Campus Paulistana realiza Encontro Pedagógico,https://www.ifpi.edu.br/paulistana/noticias/campus-paulistana-realiza-encontro-pedagogico-2,26/09/2025,False,IFPI - Campus Paulistana,Concursos e Seleção de Servidores
IFPI participa do Encontro de Ouvidorias e SICs na Educação,https://www.ifpi.edu.br/noticias/ifpi-participa-do-encontro-de-ouvidorias-e-sics-na-educacao,26/09/2025,False,IFPI - Geral,Ensino e Cursos
Parnaíba divulga professores bolsistas aprovados para o QualiFIC,https://www.ifpi.edu.br/parnaiba/parnaiba-divulga-professores-bolsistas-aprovados-para-o-qualific,26/09/2025,True,IFPI - Campus Parnaíba,Concursos e Seleção de Servidores
Qualificação de Mestrado: FRANCISCO DIONATA DE OLIVEIRA SILVA,https://www.ifpi.edu.br/noticias/qualificacao-de-mestrado-francisco-dionata-de-oliveira-silva,26/09/2025,False,Não Mapeado,Pós-Graduação
Reitoria sedia reunião do Colégio de Dirigentes do IFPI,https://www.ifpi.edu.br/noticias/reitoria-sedia-reuniao-do-colegio-de-dirigentes-do-ifpi,25/09/2025,False,IFPI - Geral,Outros/Geral
IFPI lança cartilha sobre inclusão na Instituição,https://www.ifpi.edu.br/noticias/ifpi-lanca-cartilha-sobre-inclusao-na-instituicao,25/09/2025,False,IFPI - Geral,Concursos e Seleção de Servidores
Campus Pedro II recebe visita da FAIFPI  e da Diretoria de Relações Empresariais e Empreendedorismo,https://www.ifpi.edu.br/pedroii/noticias/campus-pedro-ii-recebe-visita-da-faifpi-e-da-diretoria-de-relacoes-empresariais-e-empreendedorismo,25/09/2025,False,IFPI - Geral,Pós-Graduação
QUALIFICAÇÃO DE MESTRADO:   ANGELA VALÉRIA DE SOUSA ALMEIDA,https://www.ifpi.edu.br/noticias/qualificacao-de-mestrado-angela-valeria-de-sousa-almeida,25/09/2025,False,Não Mapeado,Pós-Graduação
Inscrições abertas para  9º Encontro Nacional das Editoras da Rede Federal,https://www.ifpi.edu.br/noticias/inscricoes-abertas-para-9o-encontro-nacional-das-editoras-da-rede-federal,25/09/2025,True,Não Mapeado,Pesquisa e Inovação
Vitrine Tecnológica movimenta Campus Teresina Central,https://www.ifpi.edu.br/teresinacentral/noticias/vitrine-tecnologica-movimenta-campus-teresina-central,25/09/2025,False,IFPI - Geral,Pós-Graduação
IFPI sedia VIII Encontro Regional de Educação de Jovens e Adultos,https://www.ifpi.edu.br/noticias/ifpi-sedia-viii-encontro-regional-de-educacao-de-jovens-e-adultos,24/09/2025,False,IFPI - Geral,Concursos e Seleção de Servidores
Teresina Dirceu divulga etapas de seletivo para monitoria do NAPNE,https://www.ifpi.edu.br/dirceu/noticias/teresina-dirceu-divulga-etapas-de-seletivo-para-monitoria-do-napne,24/09/2025,True,IFPI - Campus Teresina Dirceu Arcoverde,Ensino e Cursos
Valença seleciona coordenador para o NEABI,https://www.ifpi.edu.br/valenca/noticias/valenca-seleciona-coordenador-para-o-neabi,24/09/2025,True,IFPI - Campus Valença,Concursos e Seleção de Servidores
Parnaíba divulga parcial para professores bolsistas do QualiFIC,https://www.ifpi.edu.br/parnaiba/noticias/parnaiba-divulga-parcial-para-professores-bolsistas-do-qualific,24/09/2025,True,IFPI - Campus Parnaíba,Concursos e Seleção de Servidores
Projeto Alvorada é finalista do Prêmio Espírito Público 2025,https://www.ifpi.edu.br/noticias/projeto-alvorada-e-finalista-do-premio-espirito-publico-2025,24/09/2025,False,IFPI - Geral,Pesquisa e Inovação
Campus São João do Piauí fortalece parceria com a Sala do Empreendedor,https://www.ifpi.edu.br/saojoao/noticias/campus-sao-joao-do-piaui-fortalece-parceria-com-a-sala-do-empreendedor,24/09/2025,False,IFPI - Campus São João,Pós-Graduação
Inscrições prorrogadas para Mestrado Nacional Profissional em Ensino de Física,https://www.ifpi.edu.br/picos/noticias/inscricoes-prorrogadas-para-mestrado-nacional-profissional-em-ensino-de-fisica,24/09/2025,True,IFPI - Campus Picos,Pós-Graduação
Teresina Zona Sul convoca excedentes para cursos de Química e Panificação,https://www.ifpi.edu.br/teresinazonasul/noticias/teresina-zona-sul-convoca-excedentes-para-cursos-de-quimica-e-panificacao,24/09/2025,True,IFPI - Campus Teresina Zona Sul,Ensino e Cursos
Valença retifica edital para Estágio Curricular,https://www.ifpi.edu.br/valenca/noticias/valenca-retifica-edital-para-estagio-curricular,24/09/2025,True,IFPI - Campus Valença,Ensino e Cursos
Teresina Central promove roda de conversa sobre Saúde Mental e Envelhecimento,https://www.ifpi.edu.br/teresinacentral/noticias/teresina-central-promove-roda-de-conversa-sobre-saude-mental-e-envelhecimento,24/09/2025,False,IFPI - Campus Teresina Central,Concursos e Seleção de Servidores
Teresina Zona Sul divulga resultado preliminar das solicitações de matrículas,https://www.ifpi.edu.br/teresinazonasul/noticias/teresina-zona-sul-divulga-resultado-preliminar-das-solicitacoes-de-matriculas,24/09/2025,False,IFPI - Campus Teresina Zona Sul,Ensino e Cursos
Teresina Central realiza I Ciclo de Palestras da disciplina de Atividades de Extensão IV,https://www.ifpi.edu.br/teresinacentral/noticias/teresina-central-realiza-i-ciclo-de-palestras-da-disciplina-de-atividades-de-extensao-iv,24/09/2025,False,IFPI - Campus Teresina Central,Concursos e Seleção de Servidores
IFPI oferta 2.263 vagas para cursos superiores em 19 campi,https://www.ifpi.edu.br/noticias/ifpi-oferta-2-263-vagas-para-cursos-superiores-em-19-campi,23/09/2025,True,IFPI - Geral,Ensino e Cursos
Valença seleciona professor substituto de Direito,https://www.ifpi.edu.br/valenca/noticias/valenca-seleciona-professor-substituto-de-direito-1,23/09/2025,True,IFPI - Campus Valença,Concursos e Seleção de Servidores
IFPI oferta vagas em Curso de Aperfeiçoamento em Educação Escolar Quilombola,https://www.ifpi.edu.br/saojoao/noticias/ifpi-oferta-vagas-em-curso-de-aperfeicoamento-em-educacao-escolar-quilombola,23/09/2025,True,IFPI - Campus São João,Concursos e Seleção de Servidores
Teresina Central celebra aniversário do IFPI com projeto Tradição e Futuro,https://www.ifpi.edu.br/teresinacentral/noticias/teresina-central-celebra-aniversario-do-ifpi-com-projeto-tradicao-e-futuro,23/09/2025,False,IFPI - Geral,Concursos e Seleção de Servidores
Abertas submissões de trabalhos para o 9º Integra IFPI,https://www.ifpi.edu.br/noticias/abertas-submissoes-de-trabalhos-para-o-9o-integra-ifpi,23/09/2025,False,IFPI - Geral,Concursos e Seleção de Servidores
Campus Esperantina realiza reuniões com sindicatos rurais,https://www.ifpi.edu.br/noticias/campus-esperantina-realiza-reunioes-com-sindicatos-rurais,22/09/2025,False,IFPI - Geral,Ensino e Cursos
Campus São Raimundo Nonato e Univasf desenvolverão portal do Parque Nacional da Serra da Capivara,https://www.ifpi.edu.br/saoraimundononato/noticias/campus-sao-raimundo-nonato-e-univasf-desenvolverao-portal-do-parque-nacional-da-serra-da-capivara,22/09/2025,False,IFPI - Geral,Concursos e Seleção de Servidores
Picos faz 2ª chamada para curso de Análise e Desenvolvimento de Sistemas,https://www.ifpi.edu.br/picos/noticias/picos-faz-2a-chamada-para-curso-de-analise-e-desenvolvimento-de-sistemas,22/09/2025,True,IFPI - Campus Picos,Ensino e Cursos
Campus Pio IX seleciona monitores para curso de Agropecuária,https://www.ifpi.edu.br/pioix/noticias/campus-pio-ix-seleciona-monitores-para-curso-de-agropecuaria,22/09/2025,True,Não Mapeado,Assistência Estudantil
Proen implanta módulo para propostas de Projetos de Ensino no SUAP,https://www.ifpi.edu.br/noticias/proen-implanta-modulo-para-propostas-de-projetos-de-ensino-no-suap,22/09/2025,True,Não Mapeado,Assistência Estudantil
São João divulga chapas em eleição de representantes para Centros Acadêmicos,https://www.ifpi.edu.br/saojoao/noticias/sao-joao-divulga-chapas-em-eleicao-de-representantes-para-centros-academicos,19/09/2025,False,IFPI - Campus São João,Ensino e Cursos
Valença oferta vagas para estágio curricular obrigatório,https://www.ifpi.edu.br/valenca/noticias/valenca-oferta-vagas-para-estagio-curricular-obrigatorio,19/09/2025,True,IFPI - Campus Valença,Ensino e Cursos
Parnaíba faz 2ª chamada para Análises Clínicas,https://www.ifpi.edu.br/parnaiba/noticias/parnaiba-faz-2a-chamada-para-analises-clinicas,19/09/2025,True,IFPI - Campus Parnaíba,Outros/Geral
IFPI oferta vagas em Mestrado Profissional em Análise e Planejamento Espacial,https://www.ifpi.edu.br/noticias/ifpi-oferta-vagas-em-mestrado-profissional-em-analise-e-planejamento-espacial,19/09/2025,True,IFPI - Geral,Pós-Graduação
Conselho Editorial reforça orientações sobre obras submetidas para publicação,https://www.ifpi.edu.br/noticias/conselho-editorial-reforca-orientacoes-sobre-obras-submetidas-para-publicacao,19/09/2025,False,IFPI - Geral,Pesquisa e Inovação
Teresina Zona Sul realiza Encontro Pedagógico,https://www.ifpi.edu.br/teresinazonasul/noticias/teresina-zona-sul-realiza-encontro-pedagogico-1,19/09/2025,False,IFPI - Campus Teresina Zona Sul,Concursos e Seleção de Servidores
São João seleciona professor de Zootecnia,https://www.ifpi.edu.br/saojoao/noticias/sao-joao-seleciona-professor-de-zootecnia,18/09/2025,True,IFPI - Campus São João,Concursos e Seleção de Servidores
Campus Esperantina amplia diálogo com comunidades rurais,https://www.ifpi.edu.br/noticias/campus-esperantina-amplia-dialogo-com-comunidades-rurais,18/09/2025,False,IFPI - Geral,Ensino e Cursos
São Raimundo Nonato seleciona monitores para cursos técnicos e superiores,https://www.ifpi.edu.br/saoraimundononato/noticias/sao-raimundo-nonato-seleciona-monitores-para-cursos-tecnicos-e-superiores,18/09/2025,True,Não Mapeado,Assistência Estudantil
Parnaíba seleciona professores bolsistas para o projeto QualiFIC,https://www.ifpi.edu.br/parnaiba/noticias/parnaiba-seleciona-professores-bolsistas-para-o-qualific,18/09/2025,True,IFPI - Campus Parnaíba,Assistência Estudantil
Defesa de Mestrado: JEAN CARLOS RODRIGUES DE BRITO,https://www.ifpi.edu.br/noticias/defesa-de-mestrado-jean-carlos-rodrigues-de-brito,18/09/2025,False,IFPI - Campus Parnaíba,Pós-Graduação
Alunos de Paulistana participam da Olimpíada Brasileira de Robótica,https://www.ifpi.edu.br/paulistana/noticias/alunos-de-paulistana-participam-da-olimpiada-brasileira-de-robotica,18/09/2025,False,IFPI - Campus Paulistana,Concursos e Seleção de Servidores
Teresina Central informa sobre pagamento de benefícios,https://www.ifpi.edu.br/teresinacentral/noticias/teresina-central-informa-sobre-pagamento-de-beneficios-10,18/09/2025,False,IFPI - Campus Teresina Central,Extensão e Cultura
Campus José de Freitas inicia Pré-Enem 2025,https://www.ifpi.edu.br/josedefreitas/noticias/campus-jose-de-freitas-inicia-pre-enem-2025,18/09/2025,False,IFPI - Campus José de Freitas,Concursos e Seleção de Servidores
Teresina Central divulga preliminar para bolsistas do GrunaLabs,https://www.ifpi.edu.br/teresinacentral/noticias/teresina-central-divulga-preliminar-para-bolsistas-do-grunalabs,17/09/2025,True,IFPI - Campus Teresina Central,Pesquisa e Inovação
Campus Esperantina promove reunião ampliada com gestores públicos e representantes institucionais,https://www.ifpi.edu.br/noticias/campus-esperantina-promove-reuniao-ampliada-com-gestores-publicos-e-representantes-institucionais,17/09/2025,False,IFPI - Geral,Pós-Graduação
Campus Teresina Dirceu seleciona monitores para NAPNE,https://www.ifpi.edu.br/dirceu/noticias/campus-teresina-dirceu-seleciona-monitores-para-napne,17/09/2025,True,IFPI - Campus Teresina Dirceu Arcoverde,Assistência Estudantil
Valença prorroga matriculas de chamada pública,https://www.ifpi.edu.br/valenca/noticias/valenca-prorroga-matriculas-de-chamada-publica,17/09/2025,True,IFPI - Campus Valença,Ensino e Cursos
Piripiri convoca candidatos de seleção de benefício permanente para entrevista,https://www.ifpi.edu.br/piripiri/noticias/piripiri-convoca-candidatos-de-selecao-de-beneficio-permanente-para-entrevista,17/09/2025,True,IFPI - Campus Piripiri,Outros/Geral
Paulistana divulga errata de seletivo para professor de matemática,https://www.ifpi.edu.br/paulistana/noticias/paulistana-divulga-errata-de-seletivo-para-professor-de-matematica,17/09/2025,True,IFPI - Campus Paulistana,Concursos e Seleção de Servidores
Corrente convoca alunos em procedimento de reavaliação para entrega de documentos,https://www.ifpi.edu.br/corrente/noticias/corrente-convoca-alunos-em-procedimento-de-reavaliacao-para-entrega-de-documentos,16/09/2025,False,Não Mapeado,Outros/Geral
Valença divulga resultado de chamada para aquisição de alimentos,https://www.ifpi.edu.br/valenca/noticias/valenca-divulga-resultado-de-chamada-para-aquisicao-de-alimentos-3,16/09/2025,True,IFPI - Campus Valença,Extensão e Cultura
Campus Uruçuí realiza I Semana Acadêmica Integrada de Administração,https://www.ifpi.edu.br/urucui/noticias/campus-urucui-realiza-i-semana-academica-integrada-de-administracao,16/09/2025,False,IFPI - Campus Uruçuí,Concursos e Seleção de Servidores
Alunos de ADS do Campus Floriano conquistam 2º lugar na Feira Brasileira de Iniciação Científica,https://www.ifpi.edu.br/floriano/noticias/alunos-de-ads-do-campus-floriano-conquistam-2o-lugar-na-feira-brasileira-de-iniciacao-cientifica,16/09/2025,False,IFPI - Campus Floriano,Pesquisa e Inovação
Teresina Zona Sul divulga resultado final para cursos técnicos em Panificação e Química,https://www.ifpi.edu.br/teresinazonasul/noticias/teresina-zona-sul-divulga-resultado-final-para-cursos-tecnicos-em-panificacao-e-quimica,16/09/2025,True,IFPI - Campus Teresina Zona Sul,Ensino e Cursos
Conif realiza Marcha dos Reitores para universalizar alimentação estudantil na Rede Federal,https://www.ifpi.edu.br/noticias/conif-realiza-marcha-dos-reitores-para-universalizar-alimentacao-estudantil-na-rede-federal,16/09/2025,False,IFPI - Campus Pedro II,Ensino e Cursos
Cocal divulga resultado de seleção de beneficio permanente,https://www.ifpi.edu.br/cocal/noticias/cocal-divulga-resultado-de-selecao-de-beneficio-permanente,16/09/2025,True,IFPI - Campus Cocal,Outros/Geral
IFPI faz 2ª chamada para Mestrado em Engenharia de Materiais,https://www.ifpi.edu.br/noticias/ifpi-faz-2a-chamada-para-mestrado-em-engenharia-de-materiais,15/09/2025,True,IFPI - Geral,Pós-Graduação
"Teresina Central terá workshop ""Setembro Surdo""",https://www.ifpi.edu.br/teresinacentral/noticias/teresina-central-tera-workshop-setembro-surdo,15/09/2025,False,IFPI - Campus Teresina Central,Extensão e Cultura
Cocal altera cronograma de chamada do PNAE,https://www.ifpi.edu.br/cocal/noticias/cocal-altera-cronograma-de-chamada-do-pnae,15/09/2025,True,IFPI - Campus Cocal,Extensão e Cultura
PROEN informa sobre preenchimento do PSAD/RSAD,https://www.ifpi.edu.br/noticias/proen-informa-sobre-preenchimento-do-psad-rsad,15/09/2025,False,IFPI - Geral,Outros/Geral
QUALIFICAÇÃO DE MESTRADO:  ANDRÉ FILIPE SOUSA LOIOLA,https://www.ifpi.edu.br/noticias/qualificacao-de-mestrado-andre-filipe-sousa-loiola,15/09/2025,False,Não Mapeado,Pós-Graduação
Estudantes de Parnaíba conquistam 1º lugar na etapa regional da Maratona de Programação da SBC,https://www.ifpi.edu.br/parnaiba/noticias/estudantes-do-campus-parnaiba-conquistam-1-lugar-na-etapa-regional-da-maratona-de-programacao-da-sbc,15/09/2025,False,IFPI - Campus Parnaíba,Concursos e Seleção de Servidores
Teresina Central inicia especialização em Gestão Pública e Controle Externo,https://www.ifpi.edu.br/teresinacentral/noticias/teresina-central-inicia-especializacao-em-gestao-publica-e-controle-externo,15/09/2025,False,IFPI - Campus Teresina Central,Pós-Graduação
Cocal faz comunicado sobre seleção para Benefício Permanente,https://www.ifpi.edu.br/cocal/noticias/cocal-faz-comunicado-sobre-selecao-para-beneficio-permanente,12/09/2025,True,IFPI - Campus Cocal,Outros/Geral
Parnaíba divulga aprovados para cursos técnicos,https://www.ifpi.edu.br/parnaiba/noticias/parnaiba-divulga-aprovados-para-cursos-tecnicos,12/09/2025,True,IFPI - Campus Parnaíba,Ensino e Cursos
Teresina Zona Sul divulga resultado para cursos técnicos  em Panificação e Química,https://www.ifpi.edu.br/teresinazonasul/noticias/teresina-zona-sul-divulga-resultado-para-cursos-tecnicos-em-panificacao-e-quimica,12/09/2025,True,IFPI - Campus Teresina Zona Sul,Ensino e Cursos
Teresina Central dá continuidade ao projeto IFPI Insere,https://www.ifpi.edu.br/teresinacentral/noticias/teresina-central-da-continuidade-ao-projeto-ifpi-insere,12/09/2025,False,IFPI - Campus Teresina Central,Concursos e Seleção de Servidores
Paulistana divulga homologação das inscrições para professor de Matemática,https://www.ifpi.edu.br/paulistana/noticias/paulistana-divulga-homologacao-das-inscricoes-para-professor-de-matematica,12/09/2025,True,IFPI - Campus Paulistana,Concursos e Seleção de Servidores
Valença divulga aprovados para cursos técnicos,https://www.ifpi.edu.br/valenca/noticias/valenca-divulga-aprovados-para-cursos-tecnicos,11/09/2025,True,IFPI - Campus Valença,Ensino e Cursos
Floriano faz comunicado para aprovados em benefícios,https://www.ifpi.edu.br/floriano/noticias/floriano-faz-comunicado-para-aprovados-em-beneficios,11/09/2025,True,IFPI - Campus Floriano,Extensão e Cultura
DEFESA DE MESTRADO: PAULO HENRIQUE RODRIGUES DAMASCENO,https://www.ifpi.edu.br/noticias/defesa-de-mestrado-paulo-henrique-rodrigues-damasceno,11/09/2025,False,IFPI - Campus Teresina Central,Pós-Graduação
Parnaíba divulga resultado de recursos para cursos técnicos,https://www.ifpi.edu.br/parnaiba/noticias/parnaiba-divulga-resultado-de-recursos-para-cursos-tecnicos,11/09/2025,True,IFPI - Campus Parnaíba,Ensino e Cursos
Parnaíba seleciona monitores não remunerados,https://www.ifpi.edu.br/parnaiba/noticias/parnaiba-seleciona-monitores-nao-remunerados1,11/09/2025,True,Não Mapeado,Ensino e Cursos
ConectaIF está com inscrições abertas,https://www.ifpi.edu.br/noticias/conectaif-esta-com-inscricoes-abertas,11/09/2025,True,Não Mapeado,Pesquisa e Inovação
Divulgado resultado final para professor do Projeto Mar de Oportunidades,https://www.ifpi.edu.br/noticias/divulgado-resultado-final-para-professor-do-projeto-mar-de-oportunidades,10/09/2025,True,IFPI - Geral,Concursos e Seleção de Servidores
Valença divulga preliminar em chamada para aquisição de alimentos,https://www.ifpi.edu.br/valenca/noticias/valenca-divulga-preliminar-em-chamada-para-aquisicao-de-alimentos-1,10/09/2025,True,IFPI - Campus Valença,Extensão e Cultura
Professora do Teresina Central recebe menção honrosa  em congresso internacional,https://www.ifpi.edu.br/teresinacentral/noticias/professora-do-teresina-central-recebe-mencao-honrosa-em-congresso-internacional,10/09/2025,False,IFPI - Campus Teresina Central,Concursos e Seleção de Servidores
QUALIFICAÇÃO DE MESTRADO:  JOERDESON COSTA DE OLIVEIRA,https://www.ifpi.edu.br/noticias/qualificacao-de-mestrado-joerdeson-costa-de-oliveira,10/09/2025,False,IFPI - Geral,Pós-Graduação
Campus São João celebrou o Dia do Administrador,https://www.ifpi.edu.br/saojoao/noticias/campus-sao-joao-celebrou-o-dia-do-administrador,10/09/2025,False,IFPI - Campus São João,Concursos e Seleção de Servidores
Diretor do Campus Esperantina realiza reuniões com segmentos da sociedade,https://www.ifpi.edu.br/noticias/diretor-do-campus-esperantina-realiza-reunioes-com-segmentos-da-sociedade,10/09/2025,False,Não Mapeado,Concursos e Seleção de Servidores
Campus Parnaíba divulga resultado parcial para cursos técnicos,https://www.ifpi.edu.br/parnaiba/noticias/campus-parnaiba-divulga-resultado-parcial-da-chamada-publica-do-classificatorio-2025.2,10/09/2025,True,IFPI - Campus Parnaíba,Ensino e Cursos
Teresina Zona Sul divulga preliminar de heteroidentificação para cursos técnicos,https://www.ifpi.edu.br/teresinazonasul/noticias/teresina-zona-sul-divulga-preliminar-de-heteroidentificacao-para-cursos-tecnicos,09/09/2025,True,IFPI - Campus Teresina Zona Sul,Ensino e Cursos
Teresina Zona Sul prorroga inscrições para curso de Administração do PROEJA,https://www.ifpi.edu.br/teresinazonasul/noticias/teresina-zona-sul-prorroga-inscricoes-para-curso-de-administracao-do-proeja,09/09/2025,True,IFPI - Campus Teresina Zona Sul,Outros/Geral
IFPI tem 8 projetos aprovados em chamada pública para Redes de Colaboração em Saúde Digital,https://www.ifpi.edu.br/teresinacentral/noticias/ifpi-tem-8-projetos-aprovados-em-chamada-publica-para-redes-de-colaboracao-em-saude-digital,09/09/2025,True,IFPI - Geral,Concursos e Seleção de Servidores
Valença divulga parcial para cursos técnicos,https://www.ifpi.edu.br/valenca/noticias/valenca-divulga-parcial-para-cursos-tecnicos,09/09/2025,True,IFPI - Campus Valença,Ensino e Cursos
Pedro II divulga aprovados para curso de Restaurante e Bar,https://www.ifpi.edu.br/pedroii/noticias/pedro-ii-divulga-aprovados-para-curso-de-restaurante-e-bar-1,09/09/2025,True,Não Mapeado,Ensino e Cursos
São João escolhe representantes de centros acadêmicos,https://www.ifpi.edu.br/saojoao/noticias/sao-joao-escolhe-representantes-de-centros-academicos,09/09/2025,True,IFPI - Campus São João,Ensino e Cursos
Estudantes do Campus Angical embarcam para intercâmbio em Portugal,https://www.ifpi.edu.br/angical/noticias/estudantes-do-campus-angical-embarcam-para-intercambio-em-portugal,09/09/2025,False,IFPI - Campus Angical,Concursos e Seleção de Servidores
Aluna do PROFEPT publica obra sobre Metodologia Ativa,https://www.ifpi.edu.br/parnaiba/noticias/aluna-do-profept-publica-obra-sobre-metodologia-ativa,09/09/2025,False,IFPI - Campus Parnaíba,Pós-Graduação
Paulistana divulga preliminar de inscrições para professor de Matemática,https://www.ifpi.edu.br/paulistana/noticias/paulistana-divulga-preliminar-de-inscricoes-para-professor-de-matematica,09/09/2025,True,IFPI - Campus Paulistana,Concursos e Seleção de Servidores
Alunas do Teresina Central descobrem asteroides e receberão medalhas do MCTI,https://www.ifpi.edu.br/teresinacentral/noticias/alunas-do-teresina-central-descobrem-asteroides-e-receberao-medalhas-do-mcti,09/09/2025,False,IFPI - Geral,Concursos e Seleção de Servidores
PPGEM divulga resultado final de seleção,https://www.ifpi.edu.br/noticias/ppgem-divulga-resultado-final-de-selecao,09/09/2025,True,Não Mapeado,Pós-Graduação
Divulgado resultado para professor do Projeto Mar de Oportunidades,https://www.ifpi.edu.br/noticias/divulgado-resultado-para-professor-do-projeto-mar-de-oportunidades,08/09/2025,True,IFPI - Geral,Concursos e Seleção de Servidores
Ouvidoria do IFPI tem projeto de boas práticas premiado pelo MEC,https://www.ifpi.edu.br/noticias/ouvidoria-do-ifpi-tem-projeto-de-boas-praticas-premiado-pelo-mec,08/09/2025,True,IFPI - Geral,Pesquisa e Inovação
Acadêmico de Administração tem trabalho aprovado em Congresso Internacional,https://www.ifpi.edu.br/oeiras/noticias/academico-de-administracao-tem-trabalho-aprovado-em-congresso-internacional,08/09/2025,False,IFPI - Campus Oeiras,Ensino e Cursos
Teresina Central promove simulado do ENEM com organização semelhante ao Exame,https://www.ifpi.edu.br/teresinacentral/noticias/teresina-central-promove-simulado-do-enem-com-organizacao-semelhante-ao-exame,08/09/2025,False,IFPI - Campus Teresina Central,Concursos e Seleção de Servidores
Fanfarra simples do Campus Paulistana participa das comemorações do 7 de Setembro,https://www.ifpi.edu.br/paulistana/noticias/fanfarra-simples-do-campus-paulistana-participa-das-comemoracoes-do-7-de-setembro,08/09/2025,False,IFPI - Campus Paulistana,Concursos e Seleção de Servidores
IFPI convoca tutores para especialização,https://www.ifpi.edu.br/noticias/ifpi-convoca-tutores-para-especializacao,08/09/2025,False,IFPI - Geral,Assistência Estudantil
IFPI divulga segunda chamada para  Especialização em Gestão e Licenciamento Ambiental,https://www.ifpi.edu.br/noticias/ifpi-divulga-ssegunda-chamada-para-especializacao-em-gestao-e-licenciamento-ambiental,08/09/2025,False,IFPI - Geral,Pós-Graduação
Campus Campo Maior realiza treinamento em escrita científica,https://www.ifpi.edu.br/campomaior/noticias/campus-campo-maior-realiza-treinamento-em-escrita-cientifica,05/09/2025,False,IFPI - Campus Campo Maior,Concursos e Seleção de Servidores
IFPI promove Vitrine Tecnológica integrada ao 13th ISTI,https://www.ifpi.edu.br/teresinacentral/noticias/ifpi-promove-vitrine-tecnologica-integrada-ao-13th-isti,05/09/2025,False,IFPI - Geral,Pós-Graduação
Uruçuí divulga resultado final de seleção de monitores,https://www.ifpi.edu.br/urucui/noticias/urucui-divulga-resultado-final-de-selecao-de-monitores,05/09/2025,True,IFPI - Campus Uruçuí,Ensino e Cursos
IFPI realiza pagamento de colaboradores externos que trabalharam no Exame Classificatório 2025.2,https://www.ifpi.edu.br/noticias/ifpi-realiza-pagamento-de-colaboradores-externos-que-trabalharam-no-exame-classificatorio-2025.2,05/09/2025,False,IFPI - Geral,Outros/Geral
Picos divulga resultado de chamada para curso de Análise e Desenvolvimento de Sistemas,https://www.ifpi.edu.br/picos/noticias/picos-divulga-resultado-de-chamada-para-curso-de-analise-e-desenvolvimento-de-sistemas,04/09/2025,True,IFPI - Campus Picos,Ensino e Cursos
Alunos de Angical apresentam planos de carreira para os próximos 10 anos,https://www.ifpi.edu.br/angical/noticias/alunos-de-angical-apresentam-planos-de-carreira-para-os-proximos-10-anos,04/09/2025,False,IFPI - Campus Angical,Outros/Geral
8º Encontro Internacional Semana da Diversidade acontece de 10 a 12 de setembro na UFPI,https://www.ifpi.edu.br/noticias/8o-encontro-internacional-semana-da-diversidade-acontece-de-10-a-12-de-setembro-na-ufpi,04/09/2025,False,Não Mapeado,Pesquisa e Inovação
Parnaíba oferta vagas em cursos de Administração e Análises Clínicas,https://www.ifpi.edu.br/parnaiba/noticias/parnaiba-oferta-vagas-em-cursos-de-administracao-e-analises-clinicas-2,04/09/2025,True,IFPI - Campus Parnaíba,Ensino e Cursos
Pedro II divulga parcial de chamada para curso de Restaurante e Bar,https://www.ifpi.edu.br/pedroii/noticias/pedro-ii-divulga-parcial-de-chamada-para-curso-de-restaurante-e-bar,04/09/2025,True,Não Mapeado,Ensino e Cursos
Teresina Central oferta curso sobre noções de cálculo diferencial e integral,https://www.ifpi.edu.br/teresinacentral/noticias/teresina-central-oferta-curso-sobre-nocoes-de-calculo-diferencial-e-integral,04/09/2025,False,IFPI - Campus Teresina Central,Extensão e Cultura
Curta-Metragem produzido por servidores e aluno do IFPI é indicado a prêmios,https://www.ifpi.edu.br/noticias/curta-metragem-produzido-por-servidores-e-aluno-do-ifpi-e-indicado-a-premios,04/09/2025,False,IFPI - Campus Piripiri,Concursos e Seleção de Servidores
IFPI participa da 49ª Reditec no Mato Grosso do Sul,https://www.ifpi.edu.br/noticias/ifpi-participa-da-49-reditec,03/09/2025,False,IFPI - Geral,Ensino e Cursos
IFPI seleciona professores para Projeto Mar de Oportunidades,https://www.ifpi.edu.br/noticias/ifpi-seleciona-professores-para-projeto-mar-de-oportunidades,03/09/2025,True,IFPI - Geral,Concursos e Seleção de Servidores
Começam os Jogos Interclasses no Teresina Central,https://www.ifpi.edu.br/teresinacentral/noticias/comecam-os-jogos-interclasses-no-teresina-central,03/09/2025,False,IFPI - Geral,Concursos e Seleção de Servidores
IFPI se destaca nas redes sociais e fica em 3º lugar dentre os Institutos Federais,https://www.ifpi.edu.br/noticias/ifpi-se-destaca-nas-redes-sociais-e-fica-em-3o-lugar-dentre-os-institutos-federais,03/09/2025,False,IFPI - Geral,Pesquisa e Inovação
Floriano divulga resultado de seleções para benefícios,https://www.ifpi.edu.br/floriano/noticias/floriano-divulga-resultado-de-selecoes-para-beneficios,03/09/2025,False,Não Mapeado,Extensão e Cultura
Cocal divulga resultado de chamada para curso de Química,https://www.ifpi.edu.br/cocal/noticias/cocal-divulga-resultado-de-chamada-para-curso-de-quimica,03/09/2025,True,IFPI - Campus Cocal,Ensino e Cursos
PPGEM divulga análise de projetos,https://www.ifpi.edu.br/noticias/ppgem-divulga-analise-de-projetos,03/09/2025,True,Não Mapeado,Pós-Graduação
Teresina Zona Sul prorroga inscrições para cursos técnicos,https://www.ifpi.edu.br/teresinazonasul/noticias/teresina-zona-sul-prorroga-inscricoes-para-cursos-tecnicos-2,03/09/2025,True,IFPI - Campus Teresina Zona Sul,Ensino e Cursos
Teresina Central informa pagamento de Benefício Eventual,https://www.ifpi.edu.br/teresinacentral/noticias/teresina-central-informa-pagamento-de-beneficio-eventual-1,03/09/2025,False,IFPI - Campus Teresina Central,Extensão e Cultura
Campo Maior faz chamada para aquisição de alimentos,https://www.ifpi.edu.br/campomaior/noticias/campo-maior-faz-chamada-para-aquisicao-de-alimentos-1,03/09/2025,True,IFPI - Campus Campo Maior,Ensino e Cursos
Cocal divulga resultado para professor de Matemática,https://www.ifpi.edu.br/cocal/noticias/cocal-divulga-resultado-para-professor-de-matematica,03/09/2025,False,IFPI - Campus Cocal,Concursos e Seleção de Servidores
Floriano divulga resultado final para estágio obrigatório,https://www.ifpi.edu.br/floriano/noticias/floriano-divulga-resultado-final-para-estagio-obrigatorio,03/09/2025,True,Não Mapeado,Ensino e Cursos
Teresina Central convoca cadastro de reserva para Benefício,https://www.ifpi.edu.br/teresinacentral/noticias/teresina-central-convoca-cadastro-de-reserva-para-beneficio,02/09/2025,False,IFPI - Campus Teresina Central,Outros/Geral
Uruçuí divulga preliminar em seleção de monitores,https://www.ifpi.edu.br/urucui/noticias/urucui-divulga-preliminar-em-selecao-de-monitores-1,02/09/2025,True,IFPI - Campus Uruçuí,Assistência Estudantil
Parnaíba convoca aprovados para Benefício Permanente,https://www.ifpi.edu.br/parnaiba/noticias/parnaiba-convoca-aprovados-para-beneficio-permanente,02/09/2025,False,IFPI - Campus Parnaíba,Assistência Estudantil
Valença prorroga inscrição em chamada para aquisição de alimentos,https://www.ifpi.edu.br/valenca/noticias/valenca-prorroga-inscricao-em-chamada-para-aquisicao-de-alimentos,02/09/2025,True,IFPI - Campus Valença,Extensão e Cultura
Diretoria de Extensão Tecnológica promove treinamento sobre Cooperação Técnica para Estágio e Aprendizagem,https://www.ifpi.edu.br/noticias/diretoria-de-extensao-tecnologica-promove-treinamento-sobre-cooperacao-tecnica-para-estagio-e-aprendizagem,02/09/2025,False,IFPI - Geral,Concursos e Seleção de Servidores
Picos divulga parcial para curso de Análise e Desenvolvimento de Sistemas,https://www.ifpi.edu.br/picos/noticias/picos-divulga-parcial-para-curso-de-analise-e-desenvolvimento-de-sistemas,02/09/2025,True,IFPI - Campus Picos,Ensino e Cursos
Angical divulga aprovados para curso de Alimentos,https://www.ifpi.edu.br/angical/noticias/angical-divulga-aprovados-para-curso-de-alimentos-3,02/09/2025,True,Não Mapeado,Ensino e Cursos
